kid_id,max_movement_day,min_movement_day,median_movement_day,std_movement_day,range_movement_day,max_movement_night,min_movement_night,median_movement_night,std_movement_night,range_movement_night,avg_light_day,max_light_day,min_light_day,median_light_day,std_light_day,range_light_day,avg_light_night,max_light_night,min_light_night,median_light_night,std_light_night,range_light_night,non_wear_rate,max_avg_movement_10min_mean,max_avg_movement_10min_max,max_avg_movement_10min_min,max_avg_movement_10min_median,max_avg_movement_10min_std,max_avg_movement_30min_mean,max_avg_movement_30min_max,max_avg_movement_30min_min,max_avg_movement_30min_median,max_avg_movement_30min_std,max_avg_movement_60min_mean,max_avg_movement_60min_max,max_avg_movement_60min_min,max_avg_movement_60min_median,max_avg_movement_60min_std
001f3379,2.952888,0.0,0.0099108,0.028542245,2.952888,0.2799964,0.0,0.00962089,0.005808563,0.2799964,22.838676,2597.8,0.0,0.9911557,112.75319,2597.8,2.0932283,17.24322,0.14941752,0.7601298,3.0963583,17.093801,0.648543375816103,0.0707055082335905,0.344926339698335,0.0096838728369524,0.0121202640041399,0.0934956521315922,0.0431245827321628,0.150011864506658,0.0096575384752617,0.0118982194017412,0.0494162134625999,0.0312965841259539,0.0982115641536137,0.0096204706985089,0.0115094546610231,0.0314263796873959
00115b9f,4.004276,0.0,0.024368402,0.11180678,4.004276,0.3449721,0.0,0.019329265,0.02485897,0.3449721,44.565983,2633.25,0.0,6.6,219.76236,2633.25,23.144741,174.92577,1.2718728,9.398583,32.60179,173.6539,0.0,0.131964547528701,0.290002079287698,0.0366609840692642,0.0962322734257517,0.086215028934033,0.0795631663260241,0.199857032237936,0.0233649251421513,0.0606426267009334,0.0498475911860685,0.0696276022030774,0.170918261729707,0.0240360600664257,0.051439682769703,0.0412924548668875
